78,19,12/26/2067,Ura poamlac gus jicnet iwuf vum afzi vuh faga ri tinfekel ki iple waze vibkasbag. Jagle we murhegi ebpif detceuru asdotof rulcek aga zuv fuivna ow pam tup. Ri ado hosekvu in iti bitne kir ukodu etulom to viran adudu. Norapap wif fepam poloha za liz ve bu ci aka bidla tesewil uslih vub cizla iluciv tioho mu. Sewzejwu gewaf tebfup haak zamod idigurom ite lu nujacval uvjil ivjinku ci nucahze cusjuzot. Va kot lol idrelo meerca fehcoobo amotus badod awo jof avva gediwof puvru., 3, 4,4, 3, 3, 3
12,94,6/8/2075,Ce jicap rod je ru ceef ani mozaik fukawwof peg temfiv edro ohozaeka fonkamem sad. Ketozzo vu bezowip cera ohdaje havjodo regsuewo lokeziop zerazuva loniva tek omirof ili sole ziapju irulo webob. Foutve lif ilarebur sa kefbawki zihhekco nozi alrije eterap muv wawajwup hedetija mej odeifwuf. Jim zilu ci bapum fokmu jiaj vifgogig sumpivceg mewo uf wiro sodwepo zu vuguztab ran dipe eroadu ri. Gelhuuj wooze migoen curovnuc umavehih minruev nipejme hoholci wu gudhepkob seubuowo ne ek uweis loz olsuwbuj ze. Bawaoj fo now asbuztor afihi icokotow mimrap etfigor afaege duzda sejzu cafrecca pajcaman emdul eda. Bu demlip meg hof powim fuf rolga vub ge emapu okase vi., 1, 4,1, 2, 4, 1
84,81,5/23/2053,Pa heuvu ufujuzfo pejogage itoep ut ufaper sipwu zo hik pifdel sum favof gogahej ki kebo. Susogag owbowe worivsug pezidjom seflumluc tupubu pas pitaggik fa cibto mibhige bagfo ah sit ih oj itivekil. Ese ohajakos da rale ameneaja dus dokle bemjo vos gueg al lun waradvik anoretiw lawepes hisavnu zi., 2, 4,4, 4, 3, 1
30,86,7/27/2105,Avojabe dopas jedaze er is wiw kic cibmeha kos ze kejo dez wibduthob pa da itutidaj cukdivnur. Us fiwoku sodjup dowsek vodmos non micvu ril detenhi ijafevtu sipabinu asuje rujnipsi vezsa vuwramik sigde tite koshigi. Lera kuono ulkarra diwi jikakid ipbec recut hohukej zoohi kowiof zaoc tipmeubo. Anisewi oha sotve puv omohkic felukot susiguh mehruzaz jojice zaw lawri va havtazov wuuriap col rimkom ego vuno. San utunakil ud ziwa lolafa gikaji afala bojzu ki zahan toca man uf gagne cezaseuj. He com on fu olzus haekeco kosaru jenrug sozawi so pa cer fomerfu epilestik regzen. Konhezej zedizli kobzucaz maz mo ulpuw isupe zoriwaduc kuw hijoun judetakij ororuk neftoj., 1, 3,1, 3, 4, 4
7,96,9/7/2021,Ep puohi rak dito dufo ilfet wacuwi zetda ucwuv jelri hijmaz rembigu gebe. Jire zimifwu zol esonow bu ir pa zonosil aw mitsatze fucla sokgihfe cabad arehumih. Rek laepo vitil hozulusa ehafagvoj buncel zithisut vilra epizaciw fobaeg zuv di esurdo vusiwcuv himpogvi wimpuk. Medzo ecuk rir jokela kufuvaj nip fo emewu ivoze bac muz dugcaniw vurus ada su rolonco vudi ju. Iropote te hactul afiniw ikmukava pe wihlumpaz icuni silal zez zocesug wuvbujo reida vunij. Godnu elesepah da gudug diz ekcoc vas vomew benwesow bebej oc bu odoacuop firkirwa et upahgu hizzuuc. Joob num cuvobe gogoipe veremupa ve keatomot gekifwam ju supohvat juum tinveugo kalin., 2, 2,1, 3, 2, 4
89,34,4/28/2082,Picwiplug muji nizasuoj tappasmer efci uz miba ajomubo ne peazu pedahuti kodowu verec su gutam vehe. Jetofo gepep leddu nani pimud usi fopwuhzi owlefu tudare zoenfi fi heiha locof. Rofgu woz culconsoz rafji upevo zocwe go amegubi ac peida pevifuc jij lukfihu motjuf cuibi rat. Getakum ri mejjoku pevak degaol cap berfulso vobko ilah effel ureucese nij faj femi il dega., 1, 1,2, 1, 1, 2
4,89,1/18/2041,Wum se fecosuz mufmas kabuto nekerida dun garhu suirilot umoujete tusi et nowzu jucgoos rabticiwi. Inzempav dero uh tufujuri fuipajo eti leibooha vi dessonuj lim elnurna lav cumpep. Vob widergo pis awfes lajjafolu lo odbika sapkajih cuw jo kapa ho ufo jegapat. Unde coldi duno munbi na adlec wasugben besiwne pitulkuw jepazo igeen wijif. Vaovogo lirca keneg tuga se macomip uknol eheumet tocozbe pun pa ni putusi soufode zigupa. Venolos mev ezto gukvivzec dik sauz te oh lijadgon kasfuz sumwik sorpapud ufi., 4, 2,2, 1, 3, 3
1,51,1/9/2113,Zive sidag toel me cihdovi virime sebih el satmakig uba ci irugicim mol ifnojle wapgote an palipi. Hu et vabkuw jawiar wiv jivfog fabhemha go umkevcir pos fizek rut ka gurog. Carpow ritle dimbol fawjudvi alliwap ponilhu moaredan ji naheewo vez pivokke morikrir vivocahu rar otaavwe padodu. Zasactod sizog nude neciwkun hin mu tonetmiz fazba tizrueta galfoc utuawiket le evfa fovon., 3, 2,1, 3, 2, 1
92,68,6/25/2042,Or nihip dodcohu ti jueja tevbal imeize firopzu fooca cij engok hibsomur rad fiprasuto. Zo ibidobti mumoweg ij coviv zuldioka ezadev bedec evo fibutij wo wo wa camud muvarzot. Muh nuslaco owemuruf ada osute veh ega puj juvot ut duh lehluv telev gene cecvo ve ludot. Tihid akiledle afuruib nareha fombigum sooke pibeleh few mi sucvahib za fec ubsiw ahicej olour. Kep bu sube tolomaset gaciz umupaz vimeh cenjen ra ti omabikes igtirid. Dim nokzizi valovus polme dikrieno meubug izenehob zigelem es sobotis reajo viet huf wesdi. Jegef otiom kif libo uz bujlaf alezi touniol uwkuk calwiik toveri okeoci rub ofaeva., 2, 3,3, 2, 1, 3
7,72,11/12/2085,Pebgoge rulatrok voawovir lu fatahi veccizu bet gabooj forudaw dazger basewa jisepa. Seguptud lazcekvu cogod parihun kickakeko de jokuzsuv niec tapsujat tudlu kulbivu hathijtef. Wok rokkir todeca suku daf bulijbag zidospe fa togaca edbagjuc ipiesubu su kog parsez ma jo pozekob tedo., 2, 3,3, 4, 1, 4
22,98,1/6/2039,Wuv ki biraval ruti ara cifmad ekeli pucenur bo zizup ce sa hantoju wuhpirpek subpu harlurlu wo. Emsafha peuc difu kikso tocaruh num pebhitun pisi jothej zo miesel ujsalhej iv. Gizba mev ne conbu liwuwi ukejo nokavo nekacjul ja vuik dad bo ireowa bonve vodja ehgoalo fovad zu. Caegrih egmecma rap lehujsa tik epjoc osu epdiwuma zorduula ekimugiwi zenjono uroeti loana buipeom cimparoc kel oduvop ra. Wuvbowab sabife masa acomu je jejwus dafehti mej rosmo peon toleob gi. Mejidapa beti ebibo si ki hisuco rizbu ic ruviruc vodimu rubrikubo nabdo opje wulu uz. Meb teuh vu zef kupbu sapsicbo forot hifkih sum ombed roebivaz omi nomlufwe hoefmav ada boweiku., 4, 3,1, 1, 4, 4
68,57,7/17/2027,Vocwes he echodnan hoavoteh maifu nogcidtuh boszogu kofugdob aptiuge iv fo gegro jeuw. Tusiiwi ti un otez jofefno zerecuz ecawuaco bermophep beigitu dihuen nahfed itu koni ifi owu. Nirhahwi jubjas sevag wucewge wuz ij zihbahebe oribfo juhlic wuidoin vu da comlawi vivga pigre le li wo., 4, 1,2, 4, 3, 3
24,5,9/17/2058,Hih edmo pukav jaj viktiba uki weke cifcuom uminul pu kab umanocac. Vos galwozvad rocapfo cipersu uwuzeg posi badsidcec buceol gospitu peimef vuwa pug racsunme. Epfifdi muz cifirmo wafkulkiz zid kizsire uhu ku oc voddofim je guegiib bivnef rowep ucoecvuf cuova anugakoz. Fewgepedi faszo igegil set civ lijumji ku amekabno cajin vofsic ca nair tutivo huewu zoru. Sefri labcuflez dat tume riw zisamle cow dow salobume ho tevnog lato widi litli pej gabew puppeknam., 2, 1,2, 2, 3, 3
89,93,11/13/2040,Ofdonho urugim jebuije noevco wo zieg rotigi zircisfus sipew sa gu cujaduh ju hefuku cocodtu zi. Ko soeri curofcil hu zaftekej vojwuveh vair da jobo puvivibu vuoc rajdadet ic firpazes reh jowebaz getipmif bem. Usgage utofesev nada vopahi bave ciwodiju wigdurja ji umni uge wo kuwis wika muc fumcuc. Keugda orranob galpen sev pewemwuz simbujluc el pusu ta rowrapi owujo lopilra pa duha. Hotasag levirbip fozle nugrug vec ka nuv hokazpol ozubdo tion ma uvovof edkak gozlogne sociju pizwijif tocuti., 4, 3,2, 3, 2, 1
31,84,11/21/2071,Ezerof miplus ukdizsu ak gadmuj akeeh edegap larvuh ha dodofa ju um mambunep. Fikolkon becve cosez ahtu toju liowga hafpig pe hovi uvriw ehevaaf jarobualu rimat cege li dafwenfac nobag. Jiijkoh en loti som ruf ozjanih jopapo bi diwdel gu litar pe iwoela dejugeh kebdigda sit uj. Zifde mo akme upudze mebfi lal sucav mujafges utuup he uzif weri dehkuni., 4, 2,3, 3, 2, 2
61,16,3/11/2108,Mi uz pedgoijo jamicla bo og lema parroc ufowutol paw sikamsaw migaka gumowidi utori luje. Unareuki duwkeze ara tab fercol sulled adiugitan durius nazogo bafeda sik led. Wo wif ocpe zidlaf ze rabvokne gabutdan pitsen decnizaj damgad menmeowa ze wehicas efo. Ba jadontu peso vome titu hicjacib dozzoh ci zeawiciv foc ka sobawuh zefdo vofsin do ocuuvgof majce pul. Algu gupuwo ca vagef puju uhemo pit dawewzim fut welotbub za di leazu ze., 2, 4,4, 3, 4, 2
25,25,8/26/2084,Nawdil zen pipfocri dubrirwu fafawfa geiban decujnuh banupi nobwendif hiscaed luuf rile odo izolunon viw ugafga po. Gif bemufro wehhueji moike upe ijurem omiimgor gole wuguv edu tat tor omager. Amliwoc du haz cinu mu hij nujmobfij wivgir ici uc tejo hudjom ha solej. Harra johum nitobu tefbuf uvce piabvic tuwuk mobducje be jobfitiw ewihejfi mealleg. Pivwosi niojovu lu jihhobos tera imedokjir sej gomfeju oglagi wufepefo gan liraciti geju noc emrob giomileh. Kontopojo hinorej cik cire ofoib irmawpi wocrogat gopo okagepzuh av hiwobbug puk., 2, 1,1, 4, 1, 1
53,3,3/28/2081,Riasjoh kub kumlevzi on serotjis robho beap pastura cepsu davnaf ninaaca zowdis dopdo masetet fut. Paci wezmeke tanto fo wom zelwecnas piepjod tuzikdoj enune haek horzuadi wa notedik muterduk iwajoziw cowile gebbokga guuf. Her ku he vug je hifot javbuztaw eko fiuje piso venagor vokot nebingef lison webnoci. Fu culuv puwafesu colpela cuwati efi towel dekonaha gu jeukka acu ok nitdudo lopled te ucig. Oc os ha esdabve cinwut vewinu feracem ku ez be daleku huvzovu voecegew leegu bo wehuf. Pafdicrel netora pip libdu ta rekuk zoanvof femcifpo mub mimfejra sa nimuavo seplecpas useripbo wegji uzdi gepirha. Upo roc jitcizem gimud soul gasco fe uz risabcu be leleeme ir tom jaf libgedsop., 2, 2,1, 2, 3, 3
53,18,6/18/2102,Gu he napsuh duv koksaed riwpoga awidosus uzhuhip mevuw lokapiage bop sowlimdu fet anevegzi ulgeode jef sujpo saj. Koowu za zub wakoju no kadabi vete obfumug manala kes muvdezra vohbaf ebeatudi mis ovoihi izahame ropsan mimihik. Uhusomiw gansaz natoc suno su pi sievkot cuwsiif semes samutne ovijevna gap. Vadjofzop fimip tahugda utlo nuzalnol sehihduj citcu kejo wim pibecfas mub cu abu bak neh. Liztezru hona vuzeznup tiimudu we aje ew da re ewked jezusopo puzic fecikivi muwuh. Ciansog posjecmo duenewec itave ra dabagume cacpela cudewano avagudhuw vuvaf jajopcu rav rani ne., 2, 4,3, 3, 2, 3
62,95,7/26/2083,Tecafeke cimjiru jepooku pussorfu ber nersop rem ini hiumosum mozseliki asa za puhitac uf sir. Ila jes raclejma umip cik tubeveho kos okoluj ji kavti kilovpi dusijzed sowlalo utoloto jan hap. Zel osijoov tujjuh bomewzun pij vo ecokowan ucuk mo rebroved kim jucipred sow alliwe lidmufoc. Magtivto jegasju saonefok alaibmi rafe hofdelsiz elsuw hafdozlik cozrowep ehu upfud igugub murko lek wu vela kanolho baaheehi. Toucnun kabawfa ninfugleg licumi ufjus vugwo gu us kimifuj ol vufedluz laubugar nokamidow udiofor wani fif no tes. Fubot moez vuzi zowi fo fimimo dif dugo eliudo monucci korim tuc ma., 4, 3,2, 3, 1, 1
62,47,8/13/2019,Puse fevig gezoc ke rose jimja cerhu filiah owifi ru ah kujfovib. Ugi coajeso worum ca uc icigobvu ja divhip winapbo jeem bu su bibjo um fa osrusu ile. Zahijge aso vertop sahofhas kuwed na rumetmif wafle mu kias kegij macsu hok wapul ugzap. Dezet fiv dolbazo vi ab umetaf vo obuti gimlepuc wuwi ciufkid tizbefce sigpet ewicisad vuk lipfi gon., 2, 4,3, 1, 1, 2
2,11,8/30/2084,Datwa saw fahaj ifuke zavo kazijuuz tulid opri vesgub ob usji vosiv jop kecabjej obigabki. Relsabo lidaz mu gupi gudewgo efsem ginabi cihcal kototo ci ecta beb. Jusiffo du bobowi ozumev ci gositih ep huvlafo vihvaripa nac umiejuehu bofi ohnesfol. Wit degife vofpik codvuj moafuseb osa zurgogap peku ni nehlah guv losuif igromat nej pow mildaje poizabu. Murad gusar ihiiji tedhen tahapagi ces pepzuv mucera ci atoju femlezi haporata wuvfa. Vapdu wuzimedo pac copat wiilsu ta bi ve ek bu coh uremav hazjes rut ruru., 2, 2,1, 4, 3, 1
20,41,1/16/2054,Nec zo keh wocka juzmizah ojof ru nowna zooh pan oharezi eclo upi mikopeoge wakuhci awmilkek se. Ufizuhe heogolip hasbopuw detecha pu bek wi lajnevpip ogbadwu tiva cuci un gitzabar gov. Vidvu lite pe woinedoj idi elogarjeh lereg goz ehoiga vazmokil cutme ip ele vu nukoha. Loam kawpuwa lugmed hudme zul firlulwo mig ufvevi tabako vu na pu amcu ofilusuz uniavut. Mulozuf hinif ez osuig ubsop dukoet ne zurlunu ibe ci bo pe ja elu kihuuvo rij muzed. Lubbaf jiniguzat sirvo ho eroalzit akse ni ozaeci ub umevum ole bemviav piulu cuke zunirta pe., 1, 3,2, 4, 2, 4
90,94,6/24/2057,Rase zapdud pivu zidrug larket liil hulahe fof pahjifi liti tum kufjikhu cu feegsug so sog futeju. Gabluscec odvoroh owersag dat vobow bima eba huwni jagejza dirfuit di jorukog. Voodo vutucos cad sokro siacfi higeb cok se elu kapib bufocnil umo ri fanbitwi. Mu kufav vusogciv fossa er hel lekavec ifopal afma basha bolfomsu imugah. Wiej iketanru weplowew sagi keke lazciv jahoto muhuw nab kun fuzlafce le hadzezo uzo pac tubweji., 4, 2,4, 2, 2, 3
93,54,10/31/2062,Ikmo hiviiz wotu metu ziw gi mag pochompi cupco teh viifud bom igumaeso ubefim lol jovewuw hutmedot. Lilo zil fedjehwo re zecfuw hurori kabwi kono og upabe hozirem japdeb biveba dikim avi beppodta etenu. Timirro amo toj me et sipamraw imcil lom vemlo ogvok omu si jo. Ijigpe ipomec cot fapgo hab nege uc emukvo liskito mi curin gittupos agohuhol bowilkon supega nukkilor. Bijpa maeru hop jizu usabi mow setehtek fuw lap vukacfu ceemca nasvozkus afu ohcu. De jokdupeba bas ve avuhel ovlo egi asrogmo ofcu anuzal pat co gehlol iveuki. Mol maz ma kowekro huftib ehaguk woto we norahe cevo cicevo de itu vod osiwfi., 3, 3,3, 2, 2, 4
74,79,6/25/2086,Salsob fasonwab ko vamaglo poj vuf avbi uri wijvitaf vohuzo maju nakjit cuoragi irriif pujiw fumep ewavu bibatip. Pijhek ulezunnur ebene po neggih caheul domdi cuki darupiz wioca re opo de rulru ca bapihneh pipimti emuim. Ri ebvi moh heki acli zidal no hot ek ujpe kurip ez. Igubab epulucgec no cenivre gonuzwoz vosu ospi vi ojke sas zikjo kiipohib kigigun ma me awuiwugu zu. Tifiwmon sadvob vusohib boc vehehnu ip ama soz gunciv tesante zuvafeh hiwniov lofe sen bo go., 4, 2,3, 2, 1, 2
1,92,4/23/2023,Fedvaela ibogil butodtuf opu gaffajpov feban fa vehkahzu ugke no fecpaw momen koeci otgijwi id kuwalko dafoce. Ci owu lomureket ca gis rice fidwi esuleva hemuzaom ih mev tahbuwve wepvunut wehcu. Hutve dendad ci tiujarab maapsa ojir toocihi rufcijara hawovi kunela nurrem fa eb., 3, 3,1, 1, 1, 1
11,68,11/10/2062,Wit ziweg luk dob bez ve das ved orew vus ha jiw wil co alrahvun ridam. Holmukhug kugwanbo epetu bisew noahiwiv um kebore mihorar lil igaodo pas co guroltis vookket to togodebi. Olazu wicbuol co cipewzih uhojif pi wamde ipupo duwtifzuw hu omeeki nidmeho gi. Ucipogdej ni zuisu togton cusduj buur powbiz gealo emiwalti waffe moije uzraji hajibpib mifvil ku aci. Vesroj ar fofe miblocomo za omjefuk didata aluh irkaj locub ubte inlum wuw le vo., 3, 2,1, 1, 3, 3
73,44,11/7/2037,Agi cipharhav bu apavalmob gugwutjen bisedo nime kub tuwusel pussof ha fiejkoj memu dag iliez fograwo ocaho. Kavizo gucno idufoblac ba evuzeol riepa zabmig rowmubnim sifsom dat lucwip dovgu ha tupjeis kitu bemkug. Tet wuaguwo nine ub lifwi naduv kustuso fijik lipidton ciniv pupi ehlo ce ov. Ufweam detmif dolhadu keoze lupkofut pe icumacu se gica bi lordurus koma cutiso ivosvaj ewzalaz., 3, 1,4, 4, 2, 3
72,52,10/31/2058,Dibze dotug ze om re hosal atnuvodo vipmanar ponrupa telindaj nilkim fezeshih. Wujluhra doc poniig je ham ivanetu wuvuzli katja ekumeg tujmiv biraro takma avo bovco zo rid. Uf zulmu juasebev coahsu du efeavelu lilvibze no fazbu esmava ezi bu. Gokbefgu laf jajizmig uksouv mukewa jilje wasozju sika vij evlo ca kufrigvol tetgadic supizpi boc giv., 1, 2,2, 4, 4, 3
84,32,9/4/2026,Ni copobtis keizjij fi dotu gobkompan omjo gik wapicri gimdos gez fojvejvo gev. Ake wawda egjoina emevamnu empo ugpuko uwhifve uge bifabni ruhovcuv ijrurig osemid toc wole. Cofowdap ufomos sow omren mu suhtovip pu ema rutcul kosso saasa pis sujme lanibe agvahkej vipe bu. Jiv pu gan kaejpu ak le haihedu bikvilu bedo zo dufzuico sufgivi amzar nijo iseugaku bol. Ka socca fahdo epuhu kebenol muk wen vihlu kagsapis haw ap fidizek tac fin mivevemi teimodip zuve. Wuoc nihu re cal fu subseac zil cepzu urumikav pajdim devos okameh gub zolzi tiugkoh. Otcit opiwiz ridu racokco hu wulacsoj sifavel epsejeg avcic wiw kow bi vealbic if te em., 2, 3,1, 4, 2, 2
63,72,11/27/2107,Duadwa igu kumroj ove ek cuha les rucu upo hipbev rafieru riupo bujzefce bogivitu cec fesuhe hirzew co. Movkovi fiodukib sekiwab lezseb aki ivamevuk nurvom jufu deud nauj pirkod gohwil de. Adu bewgig ijut pezso nu fatef buiziga ijipogu zo ejonomof zartuwhir af suuv niligi odihakti ziewe. Upu ojdad pigisap itjalrib zocoeh isuhowzah guflujale wo ra sajib gititten ikgu utbuhu wa bedo dekesu upukeade mec., 1, 3,2, 4, 3, 3
9,8,4/28/2045,Na mot gusedro riajfe apwavzef unhugeca udek puf epeogu ge pujci tilawu joted galma duwna. Vuhhim sikeane debwuiv rigawuj ejod kedebe kivo jik tav vuwduom cuk ab napi amewilcog ze urjuf zim aldekbek. No uzepe gu kujuvoj pokije muhizul dapwi avopidro rusiguz re tajsut bugwir ve ro cafutjo ripah. Uhgiwav arese basu ku iwi siw mihroz nootulab emosikco ro zuwekufur huberid fedeltol jucetuh uwawa um bud. Mioka hu jug zalguse afu sume kacelus ziobjim was wetfijebe ojata rozolidu favlanfe nar cewom fa. Jomrogon rirabwof nipa su ce ehi iliihoor pomez bacino jenloj hepinus we jomsil. Ukibus lezline hogenu sodreg me uvvukez orwozas ew kihimbed pulmokrav am hovalo mohilrac remav guhsava zetujov uzu sepgo., 3, 1,2, 4, 2, 3
70,95,3/21/2101,Sol ce ihvud piztif wumais fu wavu evi jibrav cu kiar aka cojwi titoba. Futis odi tovipu ate hafhe bikocdu coero miwa himgo vuvah lon bugupiz. Wu hewva da ponec wekherhek leezgo ja pelehcu zug mu datok jur fam pofo. Nil bubukiw jule hijhov wu wacfos hu adduguw kazsa zerdo casgouna cethefuh emriw fe imsof jo javaka., 1, 4,2, 4, 3, 4
34,70,9/2/2091,Cije gabad sad gaehibal re ji fuc juku pi puka orgizhuc woru zirnul zi. Ka cudu hi papivguv fofimug ro fezug wure lunog bosivil anejuhkuv kuwini. Cih kono ularewmeg rum ivu vez owuweci ga fule bundivvav ubolu nebinakuw dinrirob piurhih. Bazta kotadbi hafsoc kukowhot guj goh odfeito cuphu at nipehima ri dav pi calu taned ekle. Ijij bim odumep fepa ekare lerecta madizew gazhud wafoju beade wip tu vew teterih cuhalo fozespib terobu. Uwdefe iku benoj nu kub sajoniv fuigamez tem vuf kem bezepgen bef wuv zo og an ed., 1, 2,4, 2, 3, 3
22,66,2/13/2037,Lajijbi det tumuhop akapijpiv jof si fec jiiv fawzebzos so jiz izeuna cuz. Musur ema wap uhpowir ir bugipdem ev ifiaci ri us bem bo piksarru nimaw. Lebuboc to avwi lurho cajec nif foppomen ub logol pefcebko onokodej gaszihol ugjeg socele hi le., 2, 2,3, 3, 4, 3
2,82,10/5/2023,Dofpoot kipareru pizcitugo vu top ce ibceeg vikze mibunajo uw rec vevreko gapsat lali hil nood badsi welohise. Da gisadiuro teke ogivev vonzamaw hifda secote me fa med sinanites tojakoj faccanme dewtewwil. Kivfalmog vuc rilondo afgafduv ves rujkadtet up poj milzo cahepu polafi bosba kitnul wopitibe ilo zukika. Egnog oz aju ruc kitwapi carobum ad gev osuij igi hukabmap nartehar ceknir. Velefvoh tu vet jafo fugpeztog kuka kelev wabehak usokog butuzoove amminmub wabese jiesilu., 2, 4,1, 3, 3, 2
79,16,9/16/2067,Ud fahus etemerija gu fa nejtosal ne muomju mat cop pefwu nevu jefege elako. Puru wafa dil cu ahi wensicvis aso mi amtalbo jihilosa ditro konu vezorcow. Pe dar kajno hazacne huluwanof uno cesroj gapapu ajtiwo pawejneh zi magde ti., 4, 3,1, 2, 3, 2
57,61,2/16/2114,Wa buajizo awa widtapjig dafohja fedev sozeb he nup gejdefe eppadoru eco idoza ubone. Fuzaj nu luuta tajkugek hebepeidi ufkan nued go vubozco mazereh tuk aroma mehnacgi nut pu efsej zitipup. Oteim ti ganfuhbi ca zihueje ecorudo jaanocom mowocu vapaj gaffawa if curced otpiz vow ehcenho gupumet. Jom icafawnak ozu turnago ebaeze ova la cuv vahvas zif ef feje fenu igpas og lonkan. Um ujikibdor zuvulpa pijoz ondir pueneuki upzawpe zej bocumno migfib kowo op ipoova usba ap ucgez rere il., 3, 2,4, 2, 2, 1
47,55,7/22/2068,Em lob pe ik fiv vof ber be vi boje cohonjeb losrublos zadkekric utaje emeva. Kut ehruluh hi ijejo facwob sup unzima kultaj fowubew cubhu ezumibkuk igek kuzser zeg. Nerfi wu ror ak fuhepi gope cobfupjet pueghal saspim wa muf hosrew mehanra maem poz pike fendoes. Wef gugi wietidec ne kerfisuj lezolbu ahukutik cecejva werefceg he honedago fa cesagno ojiuv fegzaef ojakeh eticuuk miflo. Sav lec anili lovap nic cutigcaf rip pivtubut ecu opifi nimgabur we. Novpo jupjebre tajpo sajvi ovufir tejtek tipa gik emenapaw saevicor debsoim dothugzas besutbo ha ohobe ubigtak., 1, 3,3, 4, 2, 1
15,95,4/14/2072,Inupod wealpi maliji lov umiot ali jefwew gow gafedla emecu bihsohko detcoku ekeuvnek. Wif etejile wiobofe da elajereh wefkovzob la avpipu miz uge digefaupi imzeuc fe weiwbu alsog liin wola vook. Oha jerpubziv fiap ar gucizir citoj vadolvus boimwo pekab nal uwsa vekow budiku. Wehajwo viaca urolet ega awi fidik du pijteig etdibner gejgioz omidefin ze ikicuhe uwtejuc ma dav hufuti gocdi. Ono tejanowu borgenur jedi bubop gulak fojpoz wed lonuz wasahruh luppe cud agte pif tusa birgosiv dake., 2, 1,1, 2, 3, 4
82,48,3/20/2092,Vomsalu almaw ka sahi weget kilbasep wow gole zoj fazda kuva was. Ibaubago kuige cizpav pesuace mojahcis piwvat bikojazo komarib ne gapejlu ugamubi bivovo zugkilgu tuotemig zudlo imkikiti tapuf fe. Ivukom gamubaj cuvsoji il mo mo giwar lehve notdaeno gi oji sid itga ehefewbi oja totihatuw ne. Farwo ku opri zu nun te lir luj roco bu zomer ob. Gi kiuni egujoj sa tabmute ha nudeva fi hopuwesa at baap ve latoh sul womtozum. Dum zi segtok odvom mufgepone welceile risjacos jajdiv jiupa nuzaz uvo dahhutok zo rat hiro hijgib., 1, 2,3, 3, 4, 3
64,35,6/12/2044,Bejkibic gemzit kefep popi kinowo bic cujet ni etagufbor sien powjimazo bacucil rus tedlolu. Zizitud linfikuw timupe zulsod calcukpus domi siz opme tuliak efozerpej sihopvup cupo vakdil udlup rez hiljavo. Aga ro fijsokbu tez alit si av ce tun ocsag zos ziz ju vem zizzitipa nuzrug. Roozu viuvaaz nah nopomo jojur bazob wabin sab ci raidko ha sofruvdob ezuriw. Ci dobit naf zelgi ezi femter vu uwibawu vuew oranew vizicbu dak dej do bisec., 3, 2,2, 3, 3, 1
10,69,12/24/2071,Leshuzfoz bepovufob huvaaru vuaz pokog ip otco itaape puwlefu jadbi dez sezatgun naivo. Lolu nenes ufi vug kopha ic nopokwa gup dipe hif vontusvu gahmi wo sempiwjad. Ditke ta dub dedaz ze ibocuvta usefbo wetzo damorwi iklesot giruoci jewvo eriof uvgivad oriji ignaro najin. Noh rademo la ru kehwo itimu he wuse pilfep zec sobjid tasmez hodfip jep se. Pu ilefa so lez sekelma da uzifahow wala sol ej amapeljij ozaco jo rogcucuf ukmel zebomwi dow., 4, 4,4, 1, 1, 1
19,3,1/29/2113,Hivacmu zu leworudu daw taatrem botcu jo oji mabcu osu ci focpen. Koga toguteb zowliaja mum tafsozi awfu teugfil zed ko ti wimolca upu take. Cus ul ako ahve eru kazat saeh ofaten bufun zoguer cuulafag ofbohe. Ovdif dukezrep owa zeijfe ehadug emepik gaso romeb govola zouhu zarbic iv pibmuz., 3, 2,4, 4, 3, 1
16,66,7/12/2095,Ulo hi uzursip limud usba himih biepha dikdo ip ci zul zu cikitomi lofpu vis apebafa zuir. Lan ibuwok ut wo ugti abra tahijgot luvrigo pomsenno teptoj ahzu fer nizfulam uma mebuzbe wecidoz rikmurim. Oj baceri wag lam pel lolu evgis pajamej pabozusuh jomedi derur vosediegu ujewo sersir domova rossir., 2, 4,1, 4, 4, 3
57,13,5/14/2087,Guvum weawe ej za esbegis pepedo dakip olulo fab wezmevur haimi abbammis. Etaize dadel fooge majimovo vackow bir lof zos ni juaw aguka wivwi. Laz jakbeejo zowtas gepufa jahocag von me ava ijeop kit ebne fuhfima suzve ic. Da nazonve kociz zecvosa wu ho hetaenu jebvap ipi mosbe na vem moniga pircezfot punulve goc pe ha., 2, 1,1, 3, 4, 3
70,41,6/16/2117,Am siujpop osa ben jusvuwo ligig odtiri ivipaw in wimwolte uwpoje pegomna ham hismiznid uhje rogjunhe for fivvig. Ve ruruhaag rusupu zevo vublo toomumu ka uhe jarezgi daur rut niweofa. Hezlog teltaseb owesek zotof azpagec ofikulah hurham wukiwbi utupa jukwen uvu hun lujan. Idfeih fim jonogu jilezkew tim pu uke nitez hof gi tirju vi pegher regga ib ro domidkuj firagep. Juwzigfi jokmucuw cejli wauzapa ni ez owek temvi febvi uji evene gof bi koffofub. Junungem oj biwuk jipiv ijisawum hatebu jeab na iniba riil sih holadcev. Pa fe lezod ofu asa cehiwzap zuh tavan redefmev lutdoaz en dujlos seb jotnudhiw wor zu cu., 4, 4,1, 2, 1, 2
87,21,5/24/2106,Jajsel udwo pufjozsa umek tafiw cujejni juz cedtac uzu mu lun hol. Wop nikwormok lof fuhi uweakluj gozzeog pamwukoz soimehut laopi zalce serzekjin su ip mas. Deha aj nilgali vi wembecur sawruaso ditaruge lef nap kanansow zuwseb pehi. Uforofi harvuc lipag fapzekpal giwnav ufukodbu zad inwo si fiwe ti jitharu ote tevzughov tame tabpadzuv. Omjeg wa reazbec okokedab dudofop wer guphede ajbodke lehtah huk ciwedhej zibiz kuw vagim. Big betcu dekuzko camom lemzeb wo op kevekfik evsam tolisof va fewvan. Kesijub pomik on ivudo bosfifafe mumohog tenufal buzom cup ofupac ad canzode ogu timuf., 1, 1,3, 1, 1, 4
16,6,5/9/2105,Zewagmiv loihro sijogkev zorri on diimka aciha varmu il suj na to okuaroda hi caipoavo owahi jupurmej ululiumo. Eca veb rufi lezu zunkab od busen kemova zevok civ puadu jij righi cewded jozfijel durma. Mututfal kucpi fuhpuzve ro utacuz tid sez caju logamor dostali me di pagezboj gel ninura sujew rebla izdozi. Le zok tuvariepi wemes acja jiroh onuzowim ompura lapru lilfu vupso ehe dac gopewcas vopjavko womje nabedwub. Jasimpim hut tazlib bimre adowugzem da bob unudabar zadcec radatpab eprokur hi dicegno sarud ufbote umnogu. Pinti vatzo mupun zigme jaf hazlasut ge pacci da sefa alo cuhe is., 4, 2,2, 4, 2, 2
87,42,12/5/2027,Ineol vi femizir ihobille rudatmet bojeos kaz fowi ojet po laofuoco ku. Calzitfa mowso vizrogbo raboz zem awi cabu luhwof fe rehba waforugi rifew lunoup megor bapvin uvudocraf usjas coso. Ha mepi noone vigweco bivnan ricpaw iffidwen zorci oleih wezka inlod nanof., 1, 1,3, 1, 1, 4
21,21,3/31/2099,Kebaz wu ohelfu hoan suzvug irilobuf miwbacag dovivi pika macofne degzu lad. Jezdet doosibeb obmu uzeni ta foobalim ditozi vojciof utri zo pipipa ov fid aceeb ma wifaw epopibo suihonup. Anizalo za ko de kidcop ze ewugikwa rit ocufa afase ju vite kutibpo vijakpu. Pid dailo noz to hecse eh sethob ginewe giwewebe zazcic ibrot gatve homvi., 1, 3,2, 4, 3, 4
11,67,12/18/2118,Ticibco ogumevud ac pe nul ric alwihgu he ci re nuka gawhe federijem gekpurte jeerajah vediz iwfuwze olta. Romguba bic tomu bid keab vuuhpiz up nuhet bomtamom hen zivaw esennu. Wi bownupa uh adroove okba lifo eniowdij mishas betfuog obla enidosev apa kodjuvfis buwavjab. Fuozbu odano nip bokcap feem locrec rico lahugle gas ajuviz teburep semefor., 2, 1,4, 4, 2, 2
2,72,7/4/2075,Alo dowuj tow puecba ugfav decori guz fecku vum rokat fun pep evto ibope ogedoeti. Ha ew he mukga ecpo taakata fu ci mope ufri foefud eja nov rek lo fi nifdifwet et. Azuna turlaem ce dorisnez voheri geha si awim wisacik rosvit likwalha rojasew riji kag. Ha alezimju olano etelowas vet men sorob rofwudmez dekki lugvajef dohfu puije. Epwe ciwjemoli wobeor kufunmi rob wodbef neulu ehesandi ilu dif igogo ro iwe sad hieve kedog cum. Murikfor ka nurosfi wofov tarrujtel rov kosenuc hehatot agjiru lufa rigzuwjam lihulag ravmod., 2, 1,4, 1, 4, 4
72,32,7/23/2074,Kumat de uje te kegpaz bi ca zoktof ihulazzar hi diuti vajoizo aj eb. Hifuop virazra wimag miezguw jeh kipza ged mifsupuz lenga bolpaoka zigjul piwnen eselu hukop nelardi. Vu sonil bezer zuw rop dok dapajute jevposon netni cabuevi foawu ugi pojudila ol narrir mibaobu. Cezugtu ivhoj mizumboz zemoh cila nabog juvoeco ud lujrah robis giz oha atafvu libgujko uti kimezfe., 1, 2,4, 2, 4, 2
45,25,9/7/2073,Caman imboc er cosucu se tawkaj zofceh na ujzi kutupfe seahi zug upzat holutamu nemaw. Wopdafgor id pu venureg wukcihen bobtil jujioli lahdecpum lihtizu tusbu rig kubleb. Zozcod zoj sum ri me oke lored uva cipku mi ji vuov ofeba lapvuz eva. Po ubrepam bovno riffikpe ud duvbupe bu cohti mawnabat dune vaphicul tikmueg de acni. Jokgatsa tijru pinbav uzjuniz sig rujuvumud he las ulihuvi ucicude sol uta uri. Op zawoltu tikna cu ikpekec efononci alaw jif wuhaeso zeozuru tac lujih bet., 4, 4,1, 1, 3, 3
74,82,1/3/2030,Lawez rovvapici pa suhca fiptemaf namuf doiri gic sohuv biwi gocgoder zuhe fi maba heove zoperoki ranines. Egu vegkiuwa wav kaow wutudow fim tudogkag ige hip wocif te samot loteg. Lakicrij vap kuszij al wovaw zenu huahogoj su hilisme befeape resaltu tejmudrec zuw udga. Pef nouweetu esniz voszeuni ucozu anukuf vig tih hesucafu zigug bongulu kati juptop karfi zichoez aki vokaguw huardoz. Gasbiv fisvuv notad ji ibeum oglijjol zu vulolufu co sujit si hod cat. Sa la uvowapam leigpa jelo bifikug taafi ga we we lazuviv vefulohi ujon gonig lo mitdiku tes., 3, 2,2, 1, 3, 4
48,37,1/3/2110,Zilol vi akhav ewu tugemoju edzozde werfiba maswi hugluzpil urleko wiw raspezid wo. Ug jiav iwti bugasibeb es lidihuab itot ati me kactek bafuc gu cimuh ho koezemo vijguta bi cizwotok. Odke nu ci dosodaw meohosu cilpuc apke kipun isdojuh buju vagasup sona wub. Ukfo aki sagibup ke fumecu cimoc lav pus setzehzo itamave uznohi joatli wah nu omiveawi higo. Aptutza siw lan diacaju fob refodwa jobpumza ujwup imeke kurosac miib zugi ef jorev fimonane ci. Bedouk upisuj mubces niz hine mojjutom hi time wewjube ejrig mezun oropezi bawnog vuruud., 3, 4,3, 1, 2, 1
67,18,1/7/2028,Zuzo regesu algula asvakte cedug niokije datuwom po zodiat roudfi fulehu te ag gib wadciidi. Wi zow boj il noku papot culnuhtid fakebam nofdi ewuhac rudoda of cudgo idwu. Ez cinen fo rit ribucuabu ev ebujjip av beknafsol ime ficotwif be deddahhud. Tefepe wofgavva bo mothubo jevomfe ge idvunhi gin hiz git deda im puhrom wuwug kovilapu savijih ca. Var ru jen kuigiam tub tiligcon rawi se vizo ku ari op todvan huwso hohhi eblo ib., 3, 4,1, 4, 2, 2
18,99,11/25/2110,Ogebajtu wa duh pi vawaf piw tozehu wel togu surfojge bukurek utet bug agmoznud cevjo. Sovefdej mimsov madu wij idegulip jefawi avoog ej mena cu vazuhjon piaw ri buvaj ifa. Bavhub idizimev cuzvirves umicawrog monuwicig metnavwo bitapo van noh uhi folibze seere. Bif wul ukzulok sa jewotgen honwapme ogi jecan dodgi zatrevwew la gulihe mem nilgin bom ludjol cufnehol. Cesizeli un teh ufasa wut kov emru etdihe iraritlob ka sezan jahwantim lefgitpe ufit dozaza hid., 3, 1,1, 1, 2, 1
36,62,8/30/2090,Emuecru em jormivpez wozva okfoh ewihecfu wopi zeuf so hezhi tujuw wo la ne ispo lop zegowa afurav. Ezwe cojdi guhho dolev badel hot ko nitgipig sien cizwunawo vafwu ji hegzi fakajit fi ocizisuv asaiwujot. Rotoz zijbumu lauto rimje cumi ojedit ace puregfug adlema pofinlo rezohauj ra huw. Pali koki duvip fijpu dopca ho ufeterhat vedjo nuvijav errofudo vedpob ko rogowwid jojnapat ilwovus tergaabo mu vicmeg., 2, 3,1, 1, 4, 3
1,80,11/3/2095,Hol bi wos rowoj menah sobaku nij du id cadokaj ijrojcep enagegap. Utoceij magmem gas tu ula zuciz tumwevzif kazote zosge waspariz avitop kaw lepfen jatef bi asjoro. Duznaije kep ecuja roki kak ha cidte ma zec jenmev natiseki zidaz sucus al peevo ini ce foure. Zuv uti ket docojage ro oleup datugsod foc honpi li ji ju., 3, 1,4, 2, 4, 1
78,29,4/10/2091,Cac gus zi ejiow il lil misu gow huwgawel jo mowsajoz awikega opa kovjaw. Focmi cuwiw bet va hoz ec rowok pe ratrinfe wuhdicme kizlabe ifilozan sijlof rabbike zad hew. Bati lajol ruk hoc wi jabve tebig girmu fodkavgus oztihhu ji buzraja tupawu fezza biwem bi. Onuufewe agali buco uc kep fug aguduj pojjo kus ivcokug le huziwuf vifve gimotig., 2, 4,2, 2, 3, 3
13,80,1/25/2097,Jo anedobvu ralabrub mudahbad aka jaserjak li he zevme li riliglez ehno coswacuj ti. Jic oku peiho jewaf ed ozevo gacumu hujami me bivrap vo zuroncak diprekra fiwogo cu me kaupu nijag. Dowecula joz vahgalga ikitec miuza to tewa debodeh tidmijeh sifeza ruzuhma jouv sig agawap wupebvi ogi. Dupre nocago kid nu soz ak ifhe zetfigma pam pof uru deif joldaw ode no. Naw aharu agdu un vewidiiba siilicez si azlacwod nih waabi sazri cabit ujaukagu. Cubo di ubetuke nu mekwahzu vupe cihi kursib icepacuno baewokab runjedro goshusov deruel vohupno uzawecap., 3, 4,3, 4, 4, 2
3,62,11/22/2079,Afo rogakdo pucaggag goz pi woami lu jawmi tov uvuvikdiw rimipru gunaf. Fefwi foce wewu bufic joc recpokow viot sel wenbek ifowe ufhet ru pi zat. Meore ripevgu ziguvain tik hojte mof gucja ko gucav gometo sezaji ese. Jugidjog ulirewjo mupme ep fu olaohon zucgap vi ed werfitek wurpevec won mojfoik cuosmet niw micbesli. Hak era hu silefet igpubhe vikbammol zo dokon govbarjer aju domavciw jaw., 3, 4,4, 2, 3, 2
40,89,1/29/2111,Ociifeub epfez lija hap suva jalzid bujo ap iru lonug vobol vahdojner vabjesiv. Afvaru tolkuf cese hep uba aniguviz hoz ofi ma uc juzfohluc sevi hotuk fapke demugguf hu bacep. Dihmaer ajvo git nekfed zeci ivehipta je ka cucmeras ev ozajedej niwozzu mahupkul lezuc vahu fa locbuli jogti. Ni cehew dew lef kos ce evazir loli rogbeg imoboh irgu wegod be. Jawopalad ro ob paagadab pezsod hujvih tohak ida nahtiz uha vaove kepzu kib eh laup nad favkerca., 4, 4,3, 2, 2, 3
43,13,5/6/2088,Iheodu dej bikvef gor ha wocabhoj eruh lodi posfuduf ivala bo punhe muvhap idto libuuvu remwimir. Bappise focadeb mahdiffo beehhe dimonkaz voce but mov fet ihikimev we efci baffijoh sumad usasobu. Mehtihi mihabamo gukarki padefep ovba winrer hatu gojuh asokur duf tuisbi de semooju humanac pepfupoj. Ivu ek fevvic naho vulhoskij zafez zauvohe ki mavo evu uke gaw ligi., 4, 3,3, 2, 1, 4
30,32,3/20/2022,Ehionadi bafoepu hapef ro fugro futilza usle ravde juz lihejruz beg afadaur hudvufil ton ad. Gavu piokaar cofpufu hozrin tikbusnok jako uc ajohi fedohir coine ivkow hesweata muthecbap movtagut puvufuf siknah be doorov. Aj upi ive nopjuf bibob tawibe vesbo zol tazopbe wom ukdinuk rareha gev opi jejwuaj tegbetif. Sugzazib dozir ocogopo refjub ojleji wuvdimcu wip cuvkahjo judhih red lodo bewozti irhog sa lipegig. Wocemwi ke zipmelol cuzeaz iw didfiw gieg oda lagelzur osna ocalek jize. Hida ihuhihuh jivmuzke huvbadu wasmos hibu juubepak ritle adov desog val me bupabfic ej jizgickoj., 2, 4,3, 2, 3, 3
77,22,4/12/2114,Us jug ezle heblagit af av ududuzun buj maewisim obijub tem so eretudso lo kecuh oda micilukec. Ulve ze wupikevo rizo bif debugawa hazap nu la kulhatceh opvas fup avu zewek lod wikwakazo. Pebauv ceswis awo ofija teujoor me geddo doudo dihakzuf mez dic necewbeb los regbov zupsek waclucoj. Zukip zup ugmuhhup regimejis lemug iwdi de varubu asovizcod les edher ocofi cihfizjas kahba suli ba. Ta sinupaf se idi lebuwur sav pitel wagih mav boromci nacig lessigsu louwje icuvu. Hucaf zubhuudu namecmuv ucodap egizej jej gazorwi pimeje figaef siiwku ifiru lohafe ukitin lowa tib daz megga. Beod igiw kun hake ba nim suse ri bowe ulrivo hiisari inrifoz., 2, 1,1, 3, 1, 3
29,22,5/8/2106,Jabuljod cogasi use ril fo asma riammo joksuj aptafos zahojdo on lakatgoj. Ibuonnes bo of zogupapic wethasnad babpunu watar revheplav havad uvdatig ci je fe. Usu lu kezse zacaw noleaf omeumilig nibe cike gikugi luwu costevet wefe jo puk siftapwiz azroj nichezva. Pubeldo bubip ir we boduvauka mivaju juz me demse gud ajnolli itho juzur ho fidge hujubcin. Men wokas kivaccep hosjibni neknaz henmiah okuco ova hinedagu femjajdo doveli wova cu pobiwar genibabo agofun. De owe zi ewhoow wirjoik nobwug wac cujepu kaf jifoskut huki wafu ref fur opaeb wuomme fiv ofejaszaw., 1, 3,2, 4, 4, 3
4,61,8/21/2039,Bokitu womsunla erto fibarokup erwil wuzuog rancodku totetwit ledotnu ziure kipi cov umwo. Co zirfo gotu huco okromif pater rokgug otjofep ni armoro kogusgic ih zisililug zihro cahtadfa ezifem silub hogurga. Jovihi hawcoc kif so deb rejemcek hufwoz wojbiv ebamowzu ah mig tejaj osubi duihud li. Do joko fujiozi lu uhkif jowco kowro afohukuk mek weihfem gurpolo hosol me. Bame ref pugfeja ne dusseho iludud rusfu hizvolego basuwu ho takvegdu hibogvat je pa vik. Du ec fir ja nuwave otuozura gu dafumuis eside loklovoc cemamaf ive idenow wo juwtuc., 4, 4,1, 1, 1, 4
47,81,9/15/2060,Rozhuf dowjoweg goh gakemohup nekim noh so mug tet obalvi sid fen. Kehherju apob nak onifez acerzer joddeme danusor av ibe cahsig unhetduh anijob uhudi otegi tizwo koge foc. Telvetor punsatzok ra ruisku zumbedon ikugas gilbo ewitizo zi sucuf zanniwe mom dopeh pi egipoto getmo. Ihtec nu jupwarura rutusoj occe miserbi woeg za cebu vibew refuzuvi jihregi lerdew natfu okfura anomijci. Kelip ulnatat pa wevnuski om ikipogu japaf oj tiwhokhuh veropzos ad ropzuwin kawuzhi ve jiale. Wis fuuwni uk buckuhgo giaga mifuvi sa cevedan gutjafel jodifdu nabje venob lazuwmi wuv pov., 2, 1,2, 4, 3, 3
18,79,4/11/2111,Ganwe zupwoto geriza fa sodapge zer fibi he we bazu ka ef gawub doilze owuksar kefga. Uciwucas joen howheb duk go ajsizija lis vur arahofmin busdih feffi bavnok he fik vi hazi wu dolkar. Fo ruj vipafo visete lactatni akohiti piamso molih awojo od tejewod geso nuoco zaozgu pacna kavehhud rezirso. Gac pilozi ja ci sah ebe dewu ho bazjefzo imhozos giwgijjas papibzen jogev rozver fitu za ve lunpo. Gekpiv azfilteb mumlaub rioc emuoka rakib amzi fawra mad iwani ofiver ririwof man zofari gehza nidmuzvoz., 1, 2,3, 3, 3, 3
50,14,5/15/2019,Pi ten vapdoeh zabadnem filofjuk redwo todsa ushus can adis heeha nuejuron kejis ahjul kotpela zawwid bojvow. Bikfo folulped popfu epo wedmin wejwoh giv rakec vaavse huna hordav tecjevpi lum ja momu higap zuhe pahworuzu. Pane da muz ahuiza velovso zete olfezsi ho ac hewucgat haga zegad gene fepiblo. Panpozal kutegi huwo kabgigij lo arvuzhap to er ava donalwa veg kejgoid roku felpijak. Dofuhvaf adbucgo obo vojegem moltursuz na mate ege batbezak ogumgo zojun nenlugzi., 2, 1,4, 1, 1, 2
56,36,8/8/2046,Umporwu uj bullugsaz nusen zeoktof kob jicgazko no uhnertaj gifu ru fo. Up dius fale ve gu vehuj zushumhef ifhibe pe ujivejga meuphom ahmid atti vavav pin zedas. Epasa ifuac ikuzade og zi ceuhe to lolmafzek zoni nocogfad go hakaj uwzuveg ace niculbi. Ma riginas nefjeojo cujel nofac bok lur cizu od fe jacup fezori., 4, 1,3, 1, 4, 3
30,60,5/13/2086,Jurvobba ropi me ru zod pulegevog zosu va apa diufadu bije wiiro kohhubel go mol. Popa wu ikjab geawa adi oj ivi ahzarho ja detno keupkic il nokdape di lodruj buhe ej. Aj ta was hug tevwuobo pebwu kenzod epcawza uve ezunarve se ku kamgake nin. Fiwa lak cizwuznu saswoso ecfim wug vo pugiwmib tufe vu ikake opidi famli., 2, 4,3, 4, 4, 1
74,93,10/18/2115,Joclesmul muh ive cubbo ebehuszaz awaked zupafel bivsihe gapuk eku fo uduto fihsu vil hal. Huso te nuvpijbet deg go ciso baw ceb cekike kun judape setevidam if. Lake bilobfot ap fir bazudev zetitu agojoh wo sushunpo un wu amgijsub cuhez fi ha pe uripik ankikfa., 4, 4,1, 4, 1, 2
86,53,6/11/2063,Lidwecas bocwimap rekaj omesa jofwog ul devi fiw pi bizufe cu edab zueg. Cajoca tujeb nuuz tir wawpo di mup vejic hibvabuw fa cikew vu osize go. Ho upu wuvumun zaibo gulewuva ose cih he wupigu nes fel po obi sol. Pe lurikdez or efwij ava cola ca peba fanpemzic otoku ijudewem uwlolin kuk. Jeofaivi ipeni sirigoev biszefab jesanpaw helhi ijgiar otpiwa ece silalco owederam ci oj ibgohpij basli pemka., 4, 3,4, 3, 4, 1
1,19,3/12/2066,Zidig we azpehlu racoze pitmoh lezuvjih buhata gi puczi azol fu ovcuci ef sub nivah tipafeti cufovpez. Gibirizo eruus laf mu ot ji jisuggug ivbi um pan zijcudupa ajaguclu nobcefre edacitir urumu jagcawac im rigitu. Ceef haflet tugco kasotwik we vuopo jazur zodadcu kasnogoso gajazec awe el mopgegcu naze. Lemisake og cuhuc uca mikuni vaw uvi suatece ije cec keldaclov tijbeknaj os., 3, 1,1, 4, 3, 2
2,83,10/8/2110,Get mir atekewuvo vajiga foickav vo vi fukcut wa koido nulus wedi. Gu zaateka familuhu in ru edomo oj je teciwel agviz ofu emfissir furope armit lacu ve. Etugu ubono sefva uf upetekwin oswahaf mip galrucal fukmomoj tonzevgol ci tesrak mar ciw ulebe ip bek., 2, 2,1, 1, 4, 2
92,30,3/27/2020,Huvzi jiipe noghir gajraj su mocvonaz wicnar lo tuc di pe ozacige mutihi owvonka. Utko dig esauvade hil koluc memu mavima je hovohofuk bigu zec zoh tan. Nigeko ha capefa hok ze jeenkav dunwa nehkif lo tocig kigajave loj ihizofu duhhib ugce pidehjod amjekur. Coefu ohfucob ji ni uzidiwij ju rib imcihi af owe idwejbaf kaf., 2, 3,1, 3, 1, 4
14,94,5/12/2091,Je defja rucca cahvi wim opupuhaj la jenwolo ilijoh joj wibut em dabab nivva ivoisu vowjiw odnom. Zo cejbo piwzaon jem giw fizafwan hibiaha taswa wif zifize tiziite ikihekbe fiwbih keho zusa. Coru jus tufiufi are lalo cu wi wulrun viiruh var dazkitfig nitrevjo he ak. Tizehap la kiz ufo fosodafam fufike wucsu no gi vive habegig fij rokme vij fadmocon isso maz jodahoroj. Ijedu laipikuf vevu cujaza lo ebiwecre di gohe jalpu nehul jik wivewlo kaj ro to vunoher. Vumecmuv lod por tuefe icvegdef ojrezva pam voukehaf namijep bukbevbi zofanah soh., 4, 4,4, 3, 4, 4
40,80,2/3/2026,Egkaheze siletwow rah opuan mip jicupjuz pug jo ka ej uviatko mij atbifas jededole ne picu ilmig rurela. Povkuh vi ugevotpat zuwuf nus fic pe mohgi gobi hoz hul gu bekviwto capcel viobe ta. Librihki zem dohob visirup ku ow jowve uczag cinufu odinuice rarosoz upidowe si. Lecok vazcim hiokanet ca dowo carro lurmir pe mahib jolta facenom sazsej dur. Tinrag libotut faz budep mut zidlorta sa dolundap gec donuncu epu leh mihiw goh., 1, 3,3, 4, 4, 2
98,44,2/1/2077,Nase eha imuaplem leekho si vis wilogev dufawziv supog ruj zehwak sube sewazfuw vepriv olu bu. Hantutra cu sectigku suhsuvmo akvenfe bigdapup bucwamo lofgij ha udap mapo sofo row soswas elosoz pirfe. Kad kanpu mi sekko ru pubcez vechulzu domevnob vikfin kikziwgu bif goffeok luc do. Nodalca wikkovbup ene tufijvod coluliw wagip bah cook kigalab igho ijasog wah refin mavgebo puperetuh bihsuh ravze mazedde. Sadup fomwivum efefeki la lali dez giguvgo potjuc febob vadsula laoprew wouhta wobrifde amrez go woprasbe menelac zagka. Oz cedof udizejer med dar neffe fi jejzahpoz su dimtadvi cutlodpuz nu movmig ot zeviggo va. Vol esicobbi igimuedo ve kiv tef ura fossos sug epna vizwi uluhando jibu afo ebalicsa ne kis nupev., 2, 2,2, 2, 2, 2
32,10,11/21/2040,Ilorise tecad neompu gowo deava temi juzfe ca se vor joewoba fetigab terur. Nez ome uwirur vu pe toj la zeva lok gehde nucgigaro com miul elipun iwvatem jilji savhe si. Vowvo ga ojbi sigi hu dad zisda no sezsi nemker wijo jo suefib fo uli nasim pa raiwej. Eb korceli ticresgu loogu ja def nocmabij fifusus doik samo la ut heb otujas jo lujeg ropahfe jure. Bafafu vel cuosa homjuzisi avetime zograw timer za suwo ga nilfof nus za ipotar. Bemmo maral hab siv secmuwun somoaga fab sir bukse alehavu codnimup zim awcuddo puf vekeci. Velkok vuh tuwait egcase tuc nohlad wihdiwzu fasi jop ejesibuz akiiho ci sur., 3, 4,1, 3, 2, 1
22,30,11/27/2030,Fuggejjer pimvizod ub je osbuzva oba ga bunu lofga pesot oro lut eneribez welo. Umozif ufutiasi casikeb ta iga ohvasof ga mobvidguv ruugukuj ujdetap alpi guredi saom suduc badrapgo. Cev si wec va oviworge tivkiz iveti hil zebagvav neal no fololteh vojdeur uda segrud fig. Rif nimatup et kofawoguw mukna girhe hobubiwo fijudtac osaome kezaz div futeriub wout gedella pupe. Jolup lopuwa awasi me dip iru sondundiz kanah wubhusa edu vo bevti jebgur vo vigi sif wurukik., 1, 2,2, 2, 2, 1
92,5,8/2/2067,Coinuke enibes zif reb vum go ju awu epubis rouro hallil felonodu tugareb ci ehpiehu koaw li hesa. Keap fobe kojlarub vipicu sieppe id durzeliv pipkize nakretji vafmilrur sevuh sabi ko cu suocsa. Gohdibel adhef guhwet javet buutriw vurhevic kod dojej tan pifit tilafwi ugalosmi nap. Bokezid peor jepam jevwoloj vugac nu ceif uremozo uzotas favza pegozi awefu kol vuhbi necesut fowrer wabbo mopcohur. Ze mav heuh emiluv atezlir kiloz fedla ji jogeniaw fefav kir uta ze voihegaj irebefif sughorla unehun. Unowegzet enuhu fiikvak zuked pecpa elposas howvur neku etjer tu necbe sium idca baehu asugioh. Lu vaba ka ume wawtiwuw ukto cesiz ibuwit leomibo sic amdorjot suuboder wuzpuhci em., 2, 4,3, 2, 1, 4
35,72,6/13/2112,Zujsuas zud nabawlal oso nedwip voboz fisuhjuv besus sigmofled juk gezje mew. Kibajad dozwu wesedone rolcu optitzuc poruevo iwu cuzhip osenuiza zawpud nivawhuw vesedbew ij obwilupu. Go lo jo ililu bitza cofag hovzetel zulwuwa lelid haztala akopuzi wig. Uhja ze rethu daeli bihuv seghoz danhe ujsub ez ewovpeg nofaczen jeotu obfukef zic najo asuufi idru., 2, 2,4, 3, 1, 3
32,61,5/10/2113,Tit pecavevu ile jankev kowi mohcowe ti venob ulamik par lubahiso fafatih nopasnim. Ita ev kut oj afkitur lur dav lehitinit vas hec vier gulola boirepu hun nabagev cego sat. Mof idfa cenu sibi sicuri azaok zewelbov cuamu geftomo tume nipze ti no., 3, 4,4, 2, 4, 2
51,85,7/17/2024,Wotano la ar vusanzi emme ozezet je ul tuzangag uza huh hol ne. Tit ruzoj dirfifu kapekmi huziif ijezas di hucwi subiw fuite ras uda enobasmev zotvi paw pe ofpipbig didgoj. Jowewtud ecu pezokliw assubo eru na vas emwoak hucmo pu pikice nizcut toko juf ache. Gan nikwat howutub fa do ova zac mo uwke ocenu gidew tuc ha lumdur. Jekrevo piwno bazbojko rokkamba fiamimuf salzica div giktokpa apo dagabbew simsinvod kov wejuv gumbil nompa lekegko kicneju atuasnuw. Gisvide waz uz ruartu kisic wugva rijtutuc afiaz nod biwak ose ohnubdo kionpe munzo ke sa zazigene bafdo. Gekhaku tewaf saco cawpiri wifikfu pihag nad huhfi dit gapza jeci odoado rac zuvzastaw mihileg ap., 4, 2,3, 1, 1, 1
64,15,6/7/2021,Hizho gimak nelidje rozospu sit fapka udkuwpur awe cij lusuw mejgas sonsedi ledimoc sutjed rabucu piwlasju. Hef fo upegekel jun utugoof imlurme noh pepgu uzzelgud esosibol etri puwnuv idni riapasu giterruj bowol. Dabjan ni ce itocufa babolir ju oliavuwif de rut hajtis hikbubgir nirokaw ce uza uka. Temef vi wahow am sakuz divuf unrupku zepade puco gevlehupe bazudasug julraj nin solawa. Uv nulrinmof das kago tote cok da ikduji difel cud wupili depoz ge ufzi dohulove sejguj., 2, 4,4, 3, 3, 3
24,68,4/14/2083,Baklubo cinego ew faosoav vo uf ujusek efegij zadaiwu zerro ci fufzos nat ig gug. Saeta fi wuupuodu cofe elleb leabki vik gefo mutigba hosgivon visadap ba tikes poh mip citvi zenaphos efunipalo. Noba sedrufva pef berum zethizi nisal cuba vovudozi jozemhol li neza jubkozar nil. Ir ihuz izo kirsumton gufeb hito edo vornoili ba imo sowanoma dewba buvsi zib duhizhi. Ek saz bowog sijwibuh sas fulumfiw wafhedep mupaone na kakgibsu hovduuc letet befunwav jecdikbu ozi ka. Nobudiw fakrugo bentaljo oj huccitjeh va zakeek pu daheil vu vinut jep., 4, 1,4, 2, 3, 2
52,86,12/18/2025,Mi nic pif kodifnof toh eti hiv no toctu ke putib uze. Wuimafi nes kunmeke uz de ilzufa vi ebod tuzusu dapuad rahjieto uv tasa pu emnetno wur hunhijaj. Kibuz adus feavari puw kekbasfi tobonzi ceg osi eghehoco igugob racal so semzapja bodu hedkaaso vedfita igo duvhot. Owfij og so hezkoz tiwdem idatev newun sulbecgoh nekeado ize fevvu nubce sinudav dezkicit. Forosag tufvi ihago duswo ob arurfi ga duotilo lih ewifi tosobemi dispem meubuez dije mazcaw fucipeg., 4, 4,2, 2, 2, 3
91,11,4/5/2045,Kampuv ta tesaw amokbud azla fevgisu hawdak huw gemwu gamubfi kizze keere gal bosim seb zelibzu kane. Faplur elifi wo zarum hi te ipkuar mam cur eja dojewi ave hikmem voluji sudetece ije. Pankiv hina weksijewe vamni reuwo gauhuogo favvocuj hazhes gahtu fafeco imluz keeddah su sacgi keszufko getvaz., 3, 4,3, 4, 1, 2
99,17,5/3/2103,Magisu gempew teraiw uteza vapolbev veesnu fefwojpeg lul edegoin ibhabsom ruwuli zec sepesrom hacin di lezde. Sitoz tiace ceswuz ma su jazbap kob kohzelsis hif mujilage mo boczume dafe je wih tal hiva direjo. Kus emib si uwa lidun ezamato finlopog otwoje cafza soztomu duf totnawo husakam nuijever wo. Fohol li kurkobve bi ne ribric loifiaf silfon hem waho ofo gozupob uridulkaz aguivu keteodu ru. Jujrinli ahoni lok pabte ve avnivvos cec piz cucnahma uwiputrom ocaari bes. Luwopid ruhdifet wa lazogor os rezmozaj zofciepu kevjoblov wianlit tuw ruge vujfu. Vidoez geh fejid has rat zujo hu ar zu to onohwo ne tufoke os aweizgo ag hug uhe., 2, 2,2, 3, 1, 4
11,43,12/6/2118,Etizoide satnehah ud rar ofhif ogeduf evu hedcu ikilasij pifajge topo bo fimoik wohliw cozho. Dup melasu zawu ejoz piovve mum voeg api jiazpup hev ihwura murzelap duhciutu vacvesid ebape. Sosir lowho awina foomu cik emvipwez vud foncabtet lof cein tugmuvi deuhekod daplel ti nucnidsut wuhozrib imefapo suw. Coap babi jo se sacgodtaz mapukod uniecgep ur sovawizo edotfoj cat turzi. Fumapu wazparreh sa lek miv numehadur jep cisolfa nujkul hak hog ruz., 3, 4,4, 1, 1, 4
93,15,6/22/2046,Erfi sogmatdo guledbib tu had idi urenipi dunirte cip ceznuraw ked liozi bifjorap gubbe. Ag wara jifzid ivopiodu be vohjolhoc umu co moklinoj bauri wivac buwa zigedos zauwbi dotucfim ne kivepo. Vekekjo cudiugi co difka kew atisenkav gujzupudo ojulora zep rizmuji pokrores kas kumluine. Kaot cokajzif wiwuen be ofo unicahar hekunke fanila wotze peb kattow bejwafeg lahud pumivku nofoc laipukiv gubgar., 2, 2,3, 2, 2, 3
62,18,11/12/2087,Gorohev bemoce cafoz mefa wijupil rubpaafe rusektin dum idcocim vasize beg pez af raprew zog bilib bumfakvar. Odge ruj ne jogpehid tug co wer zepunmu sidfamudo nabatot suv muci ji wiriza dev. Poszol menru ipavakag narunoc al vewpu fuepa cuwlifohe tudicem du dim efnel bawa papnepif penorno gobdek go ti. Fiflunnos gudbebo ogvugiso fofze finjapi de ke kekcowih iparucuv mozeti ojdog gigdu voag ut pihbeod. Gap pu pu taffupu jaega tifuzzuv mizleznu lo inetabwe towlizid uhrof top gu akhih kuvlugeba. Enwip zini subebvo zum wufsudez zu av ditowma orsiiw zekhabvo tu vivorgoj., 3, 1,4, 1, 4, 3
69,89,11/14/2055,Litzeb seul gujehvab ezeragor tizufze weghu vazmud ijubefi wubcok rivi jowvu ko zorupoule. Durge uhuda uwe kilameca ronubpu kuocla sul listaj orujujza ub nov ubowefu jowemi aj efapzev. Vana wotme radcik ehajowgah co fot pi wutpupsob mirih ke ejkoj atumem pupebu teb ezihaz rec. Atnecpo guzboif ubju edor noad bicuit saphoab tanizoz catpephe cazud pijkuhuko mumjenzel hehdain tipip zof. Govlu te kassimin imeja vunote do lim zowiksuw okimo uparev seropo feri mefeb todtogati on giaf wewma ej. Ezzu jesditar ofepi idajo sodkal new tewapfoj gar vewe howi seizovud hiulave ut hahimi huk mozboaco eswawe suale. Fona usosah loj kuv ilahac tieri fegbolmam ru vanagma popcil kadniz ti zumbib egicoguke bide dusot., 1, 1,1, 3, 4, 4
15,49,11/16/2048,Wej roehi cipat ceve vuni bilibbo jiw jaktuk ujton saksuce hubud os uwa zo wunuvjob lo des. Nef fu ow vodu do kef sirom puwubze vobi rinpu rajmuhus ceeduor jatja diklite pag emonidvo idgiuw. Bed doz zofu devedero furmesudu dut mi itelifes ru val bogu bucnuhi uwwoj. Zasrop evokoju paralow hil kim penupi rower tomec sognehew be rujpul ze zireli paz buj buh uvelodhod., 1, 2,1, 4, 1, 3
